player_id,player_name
10932,Jonathan Williams
6870,José Manuel Jurado Marín
9629,Stephen Kingsley
3388,Jack Wilshere
3517,Aaron Ramsey
3091,Moussa Sissoko
27146,Aly Cissokho
28100,Ramires Santos do Nascimento
3908,Nick Powell
3064,David Josué Jiménez Silva
4045,Leroy Fer
22594,Matt Jarvis
3569,Daniel Nii Tackie Mensah Welbeck
3815,Kasper Schmeichel
8485,Pedro Chirivella Burgos
3518,Leighton Baines
42947,Leon Osman
10783,Lee Cattermole
9648,Paddy McNair
3052,Pablo Javier Zabaleta Girod
6560,Marc Muniesa Martínez
4097,Matt Grimes
6800,Carles Gil de Pareja Vicent
3960,José Miguel da Rocha Fonte
6623,Loïc Rémy
10779,Cameron Borthwick-Jackson
31296,Sébastien Aymar Bassong Nguena
10503,Billy Jones
3619,Alex McCarthy
11062,Graziano Pellè
3842,Shane Long
3504,Ruben Loftus-Cheek
5198,Diego da Silva Costa
27949,Juan Manuel Iturbe Arévalo
3656,Alex Pritchard
9563,Kristoffer Nordfeldt
4041,José Salomón Rondón Giménez
3083,Heung-Min Son
3389,Eliaquim Mangala
3828,Steven Davis
13286,Lamine Koné
3329,Cédric Ricardo Alves Soares
3612,Ashley Young
3349,Michail Antonio
43121,Kelvin Davis
4726,Kyle Bartley
6950,Alberto Paloschi
3670,Jonathan Walters
11992,Kevin Linford Stewart
20005,Toby Alderweireld
3262,Łukasz Fabiański
3498,Ignacio Monreal Eraso
20067,Darron Gibson
3523,Craig Dawson
8061,Siem Stefan de Jong
4273,Reece Oxford
3437,Francis Joseph Coquelin
21540,Kevin Nolan
3311,Daley Blind
5109,Paulo Dino Gazzaniga
3436,Idrissa Gana Gueye
3288,Miguel Ángel Britos Cabrera
3962,Diafra Sakho
16334,Graham Dorrans
3568,Mohamed Naser Elsayed Elneny
3654,Daniel William John Ings
26699,Emmanuel Adebayor
11386,Santiago Cazorla González
24743,Gary Hooper
18872,Martin Škrtel
3345,Charlie Daniels
3576,Martin Olsson
10966,Wes Hoolahan
3302,Nordin Amrabat
29382,Shaun MacDonald
3585,Erik Lamela
3445,Radamel Falcao García Zárate
3658,DeAndre Yedlin
3461,Petr Čech
3449,Wayne Routledge
3596,Gareth McAuley
5602,Cristian Gamboa Luna
19688,Jason Puncheon
16890,John O''Shea
4429,Yann Gérard M''Vila
3495,Joe Gomez
3659,Wilfredo Daniel Caballero
3467,Erik Pieters
11936,Harrison Reed
20046,Phil Jagielka
5110,Henri Saivet
20253,Samir Nasri
9638,Jack Grealish
3278,Benik Afobe
20230,Gökhan İnler
42902,Adam Johnson
20543,Nikica Jelavić
10955,Harry Kane
5836,Bryan Oviedo
4807,Cameron Jerome
3092,Dwight Gayle
3586,Samuel Mark Byram
8520,Nabil Bentaleb
3609,Michel Vorm
3337,Jermain Defoe
3529,Daniel Andre Sturridge
5108,Glyn Oliver Myhill
3957,César Azpilicueta Tanco
4826,Yohan Benalouane
3270,Danny Simpson
3464,James McArthur
4762,Sergi Canós Tenes
4317,Kevin Mirallas
3589,Yannick Bolasie Yala
16457,Jeremain Lens
6300,Sebastián Coates Nión
3958,Pedro Eliezer Rodríguez Ledesma
9626,Tommy Elphick
20302,Gaël Clichy
3468,Jordan Pickford
3537,Jack Butland
128704,Emmanuel Emenike
3346,Joshua King
3539,Simon Mignolet
5475,John Michael Nchekwube Obinna
3465,Timothy Evans Fosu-Mensah
3043,Christian Dannemann Eriksen
6296,Joe Dodoo
3693,Damien Delaney
3490,James Morrison
18751,Jack Rodwell
11117,Scott Sinclair
3666,Robert Kenedy Nunes do Nascimento
42701,Kieran Richardson
6631,Mathieu Flamini
3479,Sam Field
16181,Jordy Clasie
26696,Arouna Koné
4275,Ross Barkley
3341,Steve Cook
15996,Éderzito António Macedo Lopes
42702,Modibo Maïga
2966,Stéphane Sessègnon
12325,Abdul Rahman Baba
3600,Morgan Schneiderlin
7745,Steven Berghuis
41185,Jakob Haugaard
9593,Lewis Grabban
3407,Scott Dann
22058,Connor Steven Randall
3323,Tyrone Mings
3662,Danny Drinkwater
3054,Fernando Luiz Roza
3671,José Leonardo Ulloa
3807,Ryan Allsop
42900,Cheik Ismaël Tioté
4416,Max-Alain Gradel
3897,Pedro Mba Obiang Avomo
20285,Joleon Lescott
9930,Ryan Bennett
3567,Georginio Wijnaldum
40130,Victor Chinedu Anichebe
19362,Rudy Gestede
9461,Timm Klose
3099,Hugo Lloris
6330,Adnan Januzaj
20066,Darren Randolph
3683,Tom Cleverley
4040,Peter Crouch
6652,Jordi Amat Maas
3286,Nathan Redmond
3469,Bakary Sako
3237,Sergio Leonel Agüero del Castillo
4280,Winston Reid
3611,Kevin Wimmer
3602,Faustino Marcos Alberto Rojo
3101,Vincent Kompany
3318,Marcus Rashford
5458,Odion Jude Ighalo
3709,Daniel Amartey
3394,Laurent Koscielny
40453,Segundo Víctor Ibarbo Guerrero
3316,James Tomkins
40127,Ryan Mason
2956,Bertrand Isidore Traoré
3651,Matt Targett
3966,Charlie Austin
7780,Lucas Pezzini Leiva
43591,Marvin Emnes
3165,Emmanuel Rivière
15542,Jake-Liam Clarke-Salter
9467,Timothy Michael Krul
3265,José Luis Sanmartín Mato
5460,Andrej Kramarić
3644,Ashley Williams
9463,Alexander Banor Tettey
13573,Yann Kermorgant
4587,Matteo Darmian
3623,Adrián San Miguel del Castillo
9485,Craig Gardner
3277,Yohan Cabaye
9533,Leandro Bacuna
3514,James McClean
129558,Tony Hibbert
18672,Mark Bunn
42699,Gabriel Imuetinyan Agbonlahor
3874,Mark Noble
9528,Steven Naismith
9554,Steven Fletcher
3810,Shinji Okazaki
3463,Junior Stanislas
41082,Steve Sidwell
3616,Callum Wilson
3583,Ashley Westwood
3062,Aaron Cresswell
10499,Ivo Daniel Ferreira Mendonca Pinto
40125,Steven Pienaar
3606,Ander Herrera Agüera
3507,Wilfried Zaha
3058,Javier Hernández Balcázar
3289,Romelu Lukaku Menama
3473,James Philip Milner
13042,Tim Howard
42700,Micah Richards
3725,José Holebas
4632,Stephen Ireland
3037,Mousa Sidi Yaya Dembélé
3834,Ivan Toney
3471,Dejan Lovren
3044,Chancel Mbemba Mangulu
6846,Andreas Hoelgebaum Pereira
7153,Jordan Veretout
3961,N''Golo Kanté
43695,Brede Hangeland
3731,Adrian Mariappa
3381,Nemanja Matić
20781,Jordan Rossiter
3528,Kieran Gibbs
3595,Manuel Lanzini
27853,Mauro Matías Zárate
3487,Julián Speroni
3380,Christian Benteke Liolo
5540,Valon Behrami
3233,Raheem Sterling
6695,Juan Miguel Jiménez López
3635,Jordon Ibe
40121,Philipp Wollscheid
4840,Massadio Haïdara
10458,Fikayo Tomori
3098,Victor Wanyama
28782,Ritchie De Laet
22281,Duncan Watmore
11124,Steven Whittaker
42899,Gabriel Antoine Obertan
9627,Neil Taylor
3321,Patrick van Aanholt
19847,Alessandro Diamanti
28559,Enner Remberto Valencia Lastra
4913,Bojan Krkíc Pérez
28247,Libor Kozák
20527,Jonas Olsson
3343,Dan Gosling
3085,Glenn Murray
42946,Guangtai Jiang
40122,Oscar dos Santos Emboaba Júnior
45014,Tokelo Anthony Rantie
3647,Alex Iwobi
3501,Philippe Coutinho Correia
3721,Etienne Capoue
3450,Jordan Ayew
3713,Calum Chambers
4631,Leon Britton
3090,Nicolás Hernán Otamendi
3442,El-Hadji Baye Oumar Niasse
4751,Michael Carrick
20287,John Terry
3669,Virgil van Dijk
4817,Joe Ledley
21254,Carl Jenkinson
3533,Xherdan Shaqiri
75899,Kevin Toner
4837,Josh Cullen
4243,Cameron Brannagan
9630,Andre Green
9578,Jonathan Howson
3307,Marc Albrighton
3309,Sebastian Prödl
5581,Joel Nathaniel Campbell Samuels
3636,Charlie Adam
3496,Mesut Özil
9958,Steven Caulker
6409,Adam Smith
3607,James McCarthy
45389,Thomas Robson
3831,Dušan Tadić
3814,Riyad Mahrez
3196,Wahbi Khazri
9985,Ádám Bogdán
3344,Andrew Surman
3300,Maya Yoshida
9641,Fraizer Campbell
3041,Ciaran Clark
3267,Luis Antonio Valencia Mosquera
3488,Wayne Hennessey
3685,Jay Rodriguez
16067,Josh Onomah
11012,Jonathan Grant Evans
11295,Patrick Roberts
3382,Luke Shaw
23663,Dieumerci Mbokani Bezua
3057,Jonjo Shelvey
3643,Phil Bardsley
4417,Ola Toivonen
42703,Mikel Arteta Amatriain
3626,Ben Watson
4347,Jordan Amavi
4269,Aleksandar Mitrović
3339,Asmir Begović
3963,Victor Moses
4217,Danny Graham
6871,Costel Fane Pantilimon
4804,Bradley Johnson
13248,Eunan O'Kane
11333,Adama Traoré Diarra
3456,Kurt Happy Zouma
3448,Martin Kelly
3325,Marko Arnautović
23488,Mario Suárez Mata
3535,Roberto Firmino Barbosa de Oliveira
4597,Fabian Delph
3475,Per Mertesacker
10956,Eric Dier
9636,Rushian Hepburn-Murphy
5685,Carlos Alberto Sánchez Moreno
3944,Gylfi Þór Sigurðsson
22622,Kieran O''Neill Dowell
5596,Aleksandar Kolarov
3491,Dimitri Payet
20521,Bafétimbi Gomis
3296,Marouane Fellaini-Bakkioui
3454,Troy Deeney
3722,Steven Taylor
48634,"Charles N""Zogbia"
10007,Jon Flanagan
21212,Russell Martin
17276,Seydou Doumbia
4129,Tyler Roberts
3462,Jack Frank Porteous Cork
9452,Gary O''Neil
20039,Anthony Martial
20045,Ryan Bertrand
3633,Gareth Barry
4035,Ryan Shawcross
9635,Will Keane
3483,Mamadou Sakho
3333,David de Gea Quintana
128703,Dionatan do Nascimento Teixeira
3443,Joel Ward
5594,Branislav Ivanović
40218,Sylvain Distin
3970,Fraser Forster
10770,Adam Matthews
10967,Robert Brady
13848,Marc Wilson
10771,George Honeyman
3525,Alex Oxlade-Chamberlain
5689,Juan Guillermo Cuadrado Bello
4700,Matthew Pennington
16027,Kevin Mbabu
3094,Bamidele Alli
3604,Olivier Giroud
24888,Adam Federici
4747,Divock Okoth Origi
3476,Muhamed Bešić
3081,Jamaal Lascelles
3472,Willian Borges da Silva
3684,Cheikhou Kouyaté
3065,Paul Dummett
4093,Jay Fulton
3304,Harry Arter
5556,Miguel Arturo Layún Prado
3076,Ayoze Pérez Gutiérrez
16295,Dame N''Doye
3440,Tammy Bakumo-Abraham
5489,Mile Jedinak
3511,Héctor Bellerín Moruno
3493,Emre Can
13200,Oluwaseyi Babajide Ojo
4892,Sergio Germán Romero
6361,James Wilson
19288,Martín Gastón Demichelis
3629,Sadio Mané
3294,Juan Manuel Mata García
3603,Mame Biram Diouf
4724,Glen Johnson
22237,Mamadou Obbi Oularé
3314,Phil Jones
9914,Danny Ward
3482,James Collins
3263,Craig Cathcart
5264,Guillermo Varela Olivera
3297,Andros Townsend
13448,Bradley Shaun Smith
36983,Juan Carlos Paredes Reasco
3087,Gnégnéri Yaya Touré
3973,Àngel Rangel Zaragoza
10326,João Carlos Vilaça Teixeira
3391,Rolando Aarons
43757,Yoan Gouffran
20201,Maarten Stekelenburg
3480,Geoff Cameron
9566,Bersant Celina
10484,Callum Connolly
3385,Alexis Alejandro Sánchez Sánchez
3991,Allan Romeo Nyom
5617,Sebastian Larsson
7171,Fabio Borini
4022,Darren Fletcher
4590,Nathaniel Edwin Clyne
3089,Kevin De Bruyne
9536,Modou Barrow
3308,Kieran Trippier
7010,Gastón Exequiel Ramírez Pereyra
7121,Sandro Ranieri Guimarães Cordeiro
3590,Rhu-endly Martina
3272,Oriol Romeu Vidal
3538,Wayne Mark Rooney
3347,André Ayew Pelé
4428,Mathieu Debuchy
16932,Youssouf Chafiq Mulumbu Ngangu
8400,Serge Gnabry
3522,Heurelho da Silva Gomes
4891,Ibrahim Afellay
40124,Rickie Lambert
20074,Artur Boruc
8344,Manuel García Alonso
26207,Fabricio Coloccini
10960,Jamie Vardy
18414,Bastian Schweinsteiger
9628,James Grant Chester
3290,Federico Fernández
23635,John Ruddy
10958,Chris Smalling
3532,Jordan Brian Henderson
23742,Vadis Odjidja-Ofoe
4346,Gilbert Gianelli Imbula Wanga
4828,Adlène Guédioura
3310,Tom Carroll
4116,Sullay Kaikai
3328,James Ward-Prowse
38412,Kolo Habib Touré
4053,Ben Foster
16003,Fernando Francisco Reges
129559,Rees Greenwood
4746,Younes Kaboul
3953,Aaron Lennon
7884,Marcin Ryszard Wasilewski
3515,Alberto Moreno Pérez
3049,Matt Ritchie
43081,Almen Abdi
10772,Donald Love
40123,Robert Huth
4276,David Ospina Ramírez
27053,Alexandre Dimitri Song-Billong
3843,Angelo Obinze Ogbonna
3478,Francesc Fàbregas i Soler
3631,Nathan Dyer
24380,Tetchi Jores Charlemagne Ulrich Okore
3254,Florian Thauvin
20951,Jordan Lyden
3967,Claudio Ariel Yacob
50245,Marouane Chamakh
7848,Matt Miazga
3598,Wilfried Guemiand Bony
31904,Giedrius Arlauskis
25351,Alexandre Rodrigues da Silva
3520,Jeffrey Schlupp
6746,Gabriel Armando de Abreu
3509,Thibaut Courtois
3306,Nathan Aké
9519,Kyle Lafferty
40118,Ikechi Anya
3340,Kyle Naughton
3077,Jan Vertonghen
16309,Joel Robles Blázquez
12608,Bradley Guzan
9625,Glenn Whelan
3708,Kelechi Promise Iheanacho
3650,Daryl Janmaat
3812,Christian Fuchs
3652,Tom Davies
4090,Adam David Lallana
30702,Brendan Joel Zibusiso Galloway
3534,Clinton Mua N''Jie
9649,Jack Colback
30289,Papiss Demba Cissé
4884,Pape N''Diaye Souaré
4630,Saido Berahino
4629,José Ramiro Funes Mori
22702,Jonathan Leko
16072,Vurnon Anita
42901,Osazemwinde Peter Odemwingie
3086,Ben Davies
20641,Connor Wickham
4808,Andre Wisdom
3605,Sung-Yeung Ki
3621,Eden Hazard
3594,Danny Rose
9014,Declan Rudd
7063,Jefferson Antonio Montero Vite
3542,Jonjoe Kenny
4738,Lee Tomlin
13846,Jan Kirchhoff
3541,Chris Brunt
3608,Simon Francis
3244,John Stones
3665,Andrew Philip King
4831,Nacer Chadli
10931,Joe Allen
9642,Alan Hutton
3326,Chung-Yong Lee
18947,Sébastien Pocognoli
3646,Marc Pugh
6821,Jesús Navas González
24120,Jamie Sterry
3645,Gary Cahill
3649,Karl Darlow
3293,Jesse Lingard
3813,Wes Morgan
8251,Marco van Ginkel
3312,Demarai Gray
9070,Hiram Boateng
3726,Gerard Deulofeu Lázaro
3668,Theo Walcott
2988,Memphis Depay
20446,Shay Given
3291,Joe Hart
7110,Bacary Sagna
43627,Jordi Gómez García-Penche
18404,José Ángel Crespo Rincón
4271,Andy Carroll
40366,Wes Brown
9539,Vito Mannone
4589,Séamus Coleman
9551,Callum McManaman
10457,Patrick Bamford
3205,Kyle Walker
15892,Jordon Mutch
3096,Rob Elliot
